insert into menu (
    menu_id, name, price, category, dietary_requirements, allergies,
    description, chefs_choice, picture_link
)
values
    ('9cd13896-e2c2-4e8a-972d-5a56add46403', 'Caviar & Oyster', 72, 'starter', 'pescatarian', 'shellfish',
     'Freshly shucked oysters with Beluga caviar, lemon foam.', true,
     'https://pbs.twimg.com/media/Df08llSWkAU-r-t.jpg:large'),

    ('db0d7374-63db-4bbf-b48f-29a6f4f58717', 'Wagyu Tenderloin', 130, 'main', 'none', '',
     'A5 Wagyu tenderloin with truffle demi-glace and parsnip purée.', true,
     'https://jlec-pr.jp/wp-content/uploads/2022/03/recipe09.jpg'),

    ('b30080a7-dfbc-47b9-b8cc-377dc83fdf8e', 'Lobster Bisque', 48, 'starter', 'pescatarian', 'shellfish,dairy',
     'Classic French bisque with lobster medallions and cognac cream.', false,
     'https://popmenucloud.com/cdn-cgi/image/width%3D1200%2Cheight%3D1200%2Cfit%3Dscale-down%2Cformat%3Dauto%2Cquality%3D60/dbmchysf/4e932837-d84b-459e-b990-c0475f1d0272.jpg'),

    ('df588aca-1a4e-42c9-94eb-8b30e46dac64', 'White Asparagus Velouté', 39, 'starter', 'vegetarian', 'dairy',
     'Creamy velouté of white asparagus with poached quail egg.', false,
     'https://www.lametairie-gourdon.com/wp-content/uploads/news-recipe-white-asparagus-veloute.jpg'),

    ('11ae1b5e-f8b7-45fc-a2e1-486de8551bdd', 'Seared Scallops', 58, 'starter', 'pescatarian', 'shellfish',
     'Pan-seared scallops with cauliflower purée and crispy pancetta.', true,
     'https://d3h1lg3ksw6i6b.cloudfront.net/media/image/2018/08/08/fb8f96d6ff2648cc94dd65651c14f06a_P1055322.JPG'),

    ('bd6d7ce1-0f18-46fd-adeb-10f109e8d5ab', 'Black Cod Miso', 69, 'main', 'pescatarian', 'soy,fish',
     'Alaskan black cod marinated in miso, served with daikon.', true,
     'https://media-cdn2.greatbritishchefs.com/media/m2adrkxs/img11447.jpg'),

    ('757f7859-f5be-4c3f-9b49-3afb1f113f5a', 'Risotto al Tartufo', 55, 'main', 'vegetarian', 'dairy',
     'Creamy truffle risotto finished with aged parmesan.', true,
     'https://www.donnamoderna.com/content/uploads/2014/04/risotto-con-spumante-castelmagno-e-tartufo-e1580313246484-830x625.jpg'),

    ('e5a9fb58-93be-4a27-ba3c-044090831680', 'Beetroot Carpaccio', 34, 'starter', 'vegan', '',
     'Thin-sliced beets with cashew cream and microgreens.', false,
     'https://pbs.twimg.com/media/Dknu6ABW0AENOy1.jpg'),

    ('3a0705ec-ecbb-4813-b081-55e2d05880f1', 'Duck à l’Orange', 74, 'main', 'none', '',
     'Crispy duck breast with blood orange reduction.', false,
     'https://media-cdn2.greatbritishchefs.com/media/qlanclco/img87388.whqc_768x512q90.jpg'),

    ('ce6ba15a-d5fe-4308-8300-c12bb0ef00b7', 'Chocolate Soufflé', 29, 'dessert', 'vegetarian', 'dairy,eggs',
     'Warm dark chocolate soufflé with vanilla crème anglaise.', true,
     'https://media-cdn2.greatbritishchefs.com/media/hhycy2hu/img35062.jpg'),

    ('538164d2-61dc-482f-96b5-061e5d33748f', 'Foie Gras Torchon', 65, 'starter', 'none', 'dairy',
     'Traditional foie gras with brioche and fig compote.', true,
     'https://anythingalsoeat.wordpress.com/wp-content/uploads/2015/08/duck-foie-gras.jpg'),

    ('e9cca8c8-9df6-4e95-818f-2f47ecb2457a', 'Langoustine Ravioli', 62, 'starter', 'pescatarian', 'shellfish,gluten',
     'Delicate ravioli filled with langoustine in bisque foam.', true,
     'https://media-cdn2.greatbritishchefs.com/media/ejbdfwct/img48413.whqc_660x440q80.jpg'),

    ('9c68378b-8e2e-42ec-b6d0-d15694a5eb73', 'King Crab Salad', 52, 'starter', 'pescatarian', 'shellfish',
     'Alaskan king crab with avocado mousse and yuzu dressing.', false,
     'https://magazine.canaves.com/wp-content/uploads/2020/04/Petra-Restaurant-gastronomy-1-min.jpg'),

    ('df480263-61cd-4783-99ba-bfeb741d2cf9', 'Roasted Pigeon', 79, 'main', 'none', '',
     'Roasted pigeon breast with beet glaze and foie gras jus.', false,
     'https://media-cdn2.greatbritishchefs.com/media/qfritwrj/img16682.jpg'),

    ('072be544-9748-4da2-90b3-fc21165435a3', 'Saffron Risotto', 49, 'main', 'vegetarian', 'dairy',
     'Golden saffron risotto with pecorino and edible flowers.', false,
     'https://www.four-magazine.com/wp-content/uploads/2021/05/0B4A7936-Edit-e1622530937466.jpg'),

    ('57b4d0a9-a30e-44e5-a0b5-968fc7bc0bfb', 'Veal Sweetbreads', 75, 'main', 'none', 'dairy',
     'Pan-seared veal sweetbreads with mushroom duxelles.', true,
     'https://media-cdn2.greatbritishchefs.com/media/evzgwxuc/img33005.jpg'),

    ('ee17d4ef-f83a-4cd7-82e6-de0af125c5f0', 'Truffle Gnocchi', 54, 'main', 'vegetarian', 'dairy,gluten',
     'House-made gnocchi with black truffle cream sauce.', true,
     'https://districtfray.com/wp-content/uploads/2022/01/CENTROLINATRUFFLES_0018-scaled.jpg'),

    ('ab7dcad4-e5fd-4a71-a503-54772422c4b9', 'Pumpkin Consommé', 36, 'starter', 'vegan', '',
     'Clear pumpkin broth with autumn vegetables.', false,
     'https://d3h1lg3ksw6i6b.cloudfront.net/media/image/2022/10/26/09ba50ec08ed4640bcec9b4deb333b27_Pic_2_Hero.jpg'),

    ('75eab65a-097f-4932-af9c-a674c67b3be8', 'Lamb Loin Provencal', 83, 'main', 'none', '',
     'Herb-crusted lamb loin with olive tapenade and jus.', true,
     'https://woody.cloudly.space/app/uploads/crt-paca/2022/03/thumbs/agneau-de-sisteron-provence-as14415203-bratwustle-1920x960.jpeg'),

    ('8c52c699-d225-4332-ae90-9a9b47b6c3e0', 'Pistachio Opera Cake', 33, 'dessert', 'vegetarian', 'nuts,dairy,gluten',
     'Layered pistachio sponge with ganache and cream.', true,
     'https://i.pinimg.com/736x/ad/26/8a/ad268a0c74308bf195d5be8992a31f6d.jpg'),

    ('6349e6f3-b262-4a2f-b795-7e01b89b7447', 'Chocolate Fondant', 18, 'dessert', 'vegetarian', 'gluten,dairy',
     'Warm molten chocolate cake with vanilla ice cream.', true,
     'https://media-cdn2.greatbritishchefs.com/media/vqdlvov1/img9530.whqc_768x512q90.jpg'),

    ('286ad30f-91d4-48b4-9765-52df5b7f913f', 'Lemon Tart with Meringue', 16, 'dessert', 'vegetarian', 'eggs,dairy,gluten',
     'Tangy lemon curd with caramelized meringue on a buttery crust.', false,
     'https://media-cdn2.greatbritishchefs.com/media/kkaodzwl/img40264.whqc_1426x713q80.jpg'),

    ('ff45b058-50fc-4fc4-8fb4-aeb358679706', 'Crème Brûlée', 17, 'dessert', 'vegetarian', 'eggs,dairy',
     'Classic vanilla custard with a caramelized sugar crust.', true,
     'https://d3h1lg3ksw6i6b.cloudfront.net/media/image/2018/08/27/5e28b91f8b6345b7bd6ba777d8c68410_db_bistro_moderne_credit_restaurant.jpg'),

    ('89468c12-6964-49e3-87c7-3445f1bffc16', 'Mille-Feuille', 20, 'dessert', 'vegetarian', 'gluten,dairy',
     'Layered puff pastry with vanilla cream and icing.', false,
     'https://www.thelondoneconomic.com/uploads/2021/04/56c26af6-image001-6-scaled.jpg?height=375&width=500&cropped') ON CONFLICT (menu_id) DO NOTHING;;




INSERT INTO reservation (reservation_id, date, time, party_size, name, email, seatid, telephone_number)
VALUES
('301a1f5e-bf91-47c3-bb1a-9e13d3e91407', '2025-08-01', '18:00', 2, 'Mr. Tanaka', 'tanaka.mr@pacificmail.jp', '5e64cf4d-f022-4f71-9186-84a7e78e6a01', '+81 3 1234 5678'),
('77d36484-d8e4-4b85-9f84-ef1b98d0c3e9', '2025-08-02', '21:00', 2, 'Chef Anton', 'anton.chef@kitchenmaestros.com', '5e64cf4d-f022-4f71-9186-84a7e78e6a01', '+41 77 900 44 22'),
('baf41670-9fd2-4402-b8f0-0bb6e7715b0a', '2025-08-01', '19:00', 4, 'Prof. Schmidt', 'schmidt.prof@prestige-mail.com', '1e354d55-4b43-4ed0-bfa1-3fd56b8dbff0', '+41 78 321 54 76'),
('8a6bc66c-9183-4fc6-8d82-2f92e8c0d3db', '2025-08-02', '20:00', 6, 'Sir Bennett', 'bennett.sir@royalguests.org', 'f7a8d8e0-901d-4af6-9962-314f60ac01d3', '+44 20 7946 0034'),
('c68d08a4-d690-4411-bab2-d2281ac010ee', '2025-08-03', '18:15', 2, 'Dr. Amsler', 'amsler.dr@healthconclave.ch', '3a7f8223-9f3e-4d06-8d86-62b59acb22e5', '+41 79 555 88 66'),
('ac4e82cf-bb55-4552-bb8c-dcc5eb3ccf40', '2025-08-03', '19:30', 4, 'Chef Anton', 'anton.chef@kitchenmaestros.com', '67b4d6bc-5389-4899-8729-419db6c20c9d', '+41 77 900 44 22'),
('edf58203-d01d-4532-b491-efb7ccf0dd6f', '2025-08-04', '20:30', 2, 'Maître Ziegler', 'ziegler.maitre@culinarysociety.net', 'b18c93a1-623b-4f57-bc7b-b79dcdd36511', '+41 78 000 11 11'),
('8db5c61b-9475-4b19-a264-6c49897dd2b3', '2025-08-05', '19:15', 6, 'Madame Dupont', 'dupont.madame@artisansfrance.fr', 'de43028e-553b-4e36-b9cc-339ad287c899', '+33 1 42 24 75 22'),
('a5cb59fd-3eac-4f42-8e2e-14e42cc2e8ea', '2025-08-06', '18:00', 2, 'VIP Müller', 'mueller.vip@elitesuite.de', 'e2b80a62-c22f-41f9-80f6-043f07ec4dbb', '+49 89 123 45 67'),
('39d6fbe0-b993-4bfa-8460-d02f7eac1b5f', '2025-08-06', '21:30', 4, 'Ms. Renault', 'renault.ms@modemode.fr', '9e04170c-3e6c-4dd6-9ae5-e7b0b6a10968', '+33 6 11 22 33 44'),
('4ee3bebb-6a56-42a9-8b47-687f7c52f23f', '2025-08-07', '20:45', 2, 'Ambassador Lee', 'lee.ambassador@globalforum.org', '21c185d3-8815-4a18-bbc1-0e7ce3ff473c', '+82 2 3456 7890'),
('58947bc0-06fd-4623-871a-cb9492c4978e', '2025-08-08', '19:00', 4, 'Lord Sinclair', 'sinclair.lord@noblesociety.uk', 'c0d2c691-fb35-4c16-9949-1a8e957fd340', '+44 131 555 6789'),
('a453bc93-b39e-42a2-bff7-d9be83707c95', '2025-08-08', '21:15', 2, 'Chef Anton', 'anton.chef@kitchenmaestros.com', 'f89ee46c-6aeb-4f92-b32a-d58edcf3c33d', '+41 77 900 44 22'),
('e8cfad02-2cd7-491e-b0ce-3e3bd9c6d933', '2025-08-09', '18:30', 6, 'Mr. Tanaka', 'tanaka.mr@pacificmail.jp', 'a21b9e3c-35bb-4f45-8195-589e1850cb67', '+81 3 1234 5678'),
('93b3f5dc-3826-4d69-8ef7-3be453b45cfa', '2025-08-10', '19:45', 2, 'Senator Rossi', 'rossi.senator@republica.it', 'd4fa2a25-28c1-48d2-8c9e-29df4a0ddfab', '+39 06 6988 1234'),
('5c053cb1-8f44-4c11-a861-8377dfc19aaf', '2025-08-11', '18:00', 4, 'Maître Ziegler', 'ziegler.maitre@culinarysociety.net', '0a5e7d7d-90b9-40c6-b5d9-56dff4a1b786', '+41 78 000 11 11'),
('8a2b0f6a-4785-4f2e-bb94-73d6b9468b1c', '2025-08-11', '20:00', 2, 'VIP Müller', 'mueller.vip@elitesuite.de', '9ff9a64d-693f-4e8b-9e5f-72d7d6c17803', '+49 89 123 45 67'),
('11450d15-ec62-4464-84cd-09a9fd4c155b', '2025-08-12', '21:30', 6, 'Sir Bennett', 'bennett.sir@royalguests.org', 'cf9e1c2b-bb8d-464a-8824-6cd2e6aa31e2', '+44 20 7946 0034'),
('285b1c41-b39b-4ec7-937b-2fd7b02d4f6e', '2025-08-13', '19:00', 4, 'Ms. Renault', 'renault.ms@modemode.fr', '18db7eb7-fb8a-4209-b0ce-32e3a6d14a98', '+33 6 11 22 33 44'),
('38cb7c6d-e139-48b1-bcc5-06066b973cab', '2025-08-13', '20:30', 2, 'Madame Dupont', 'dupont.madame@artisansfrance.fr', 'd6a6cb67-fae2-4142-81a2-9f8dbb9a1778', '+33 1 42 24 75 22'),
('90c373e3-8d3f-4e4c-8e58-1c2a2fd03b47', '2025-08-14', '18:15', 4, 'Prof. Schmidt', 'schmidt.prof@prestige-mail.com', 'ae67e19b-1ea5-4e34-a273-cf8f9a6ad8cb', '+41 78 321 54 76'),
('fd3c0eb0-11a0-4dbb-97f1-3fd62e2b1653', '2025-08-15', '21:00', 4, 'Ambassador Lee', 'lee.ambassador@globalforum.org', '0a5e7d7d-90b9-40c6-b5d9-56dff4a1b786', '+82 2 3456 7890'),
('5c79b567-0bc3-45b4-9c4e-36dfae8b6f91', '2025-08-16', '19:30', 6, 'Mr. Tanaka', 'tanaka.mr@pacificmail.jp', 'cf9e1c2b-bb8d-464a-8824-6cd2e6aa31e2', '+81 3 1234 5678'),
('d8a62c5c-88c5-4e9b-93a6-901c2bcb26bb', '2025-08-17', '20:00', 2, 'VIP Müller', 'mueller.vip@elitesuite.de', 'f89ee46c-6aeb-4f92-b32a-d58edcf3c33d', '+49 89 123 45 67'),
('e2374a3e-1333-4f91-9b0e-1e8d3e0a5f67', '2025-08-18', '18:30', 4, 'Prof. Schmidt', 'schmidt.prof@prestige-mail.com', 'ae67e19b-1ea5-4e34-a273-cf8f9a6ad8cb', '+41 78 321 54 76'),
('90c9d7cb-7652-40fd-b073-831426de7a1c', '2025-08-18', '21:15', 2, 'Maître Ziegler', 'ziegler.maitre@culinarysociety.net', 'd4fa2a25-28c1-48d2-8c9e-29df4a0ddfab', '+41 78 000 11 11'),
('c8b4cc1b-b49b-4be2-822a-6331df5fa3ae', '2025-08-19', '19:00', 6, 'Sir Bennett', 'bennett.sir@royalguests.org', 'de43028e-553b-4e36-b9cc-339ad287c899', '+44 20 7946 0034'),
('e690cce6-c71d-43a2-a3f2-1107d3e26455', '2025-08-19', '20:45', 2, 'Chef Anton', 'anton.chef@kitchenmaestros.com', 'b18c93a1-623b-4f57-bc7b-b79dcdd36511', '+41 77 900 44 22'),
('32159d8e-002c-4193-b121-2a2c9ecb14ff', '2025-08-20', '21:00', 4, 'Ms. Renault', 'renault.ms@modemode.fr', '67b4d6bc-5389-4899-8729-419db6c20c9d', '+33 6 11 22 33 44'),
('45a2a7fd-f6d3-43b2-8ae4-2e4a2a4bd35d', '2025-08-20', '18:15', 2, 'Lord Sinclair', 'sinclair.lord@noblesociety.uk', '21c185d3-8815-4a18-bbc1-0e7ce3ff473c', '+44 131 555 6789'),
('f3cc7269-41c0-4dcf-b601-ff7619f6047f', '2025-08-21', '19:30', 4, 'Madame Dupont', 'dupont.madame@artisansfrance.fr', '1e354d55-4b43-4ed0-bfa1-3fd56b8dbff0', '+33 1 42 24 75 22')
ON CONFLICT (reservation_id) DO NOTHING;;


INSERT INTO seats (table_id, table_capacity, location) VALUES
('5e64cf4d-f022-4f71-9186-84a7e78e6a01', 2, 'Window'),
('1e354d55-4b43-4ed0-bfa1-3fd56b8dbff0', 4, 'Main Hall'),
('f7a8d8e0-901d-4af6-9962-314f60ac01d3', 6, 'Terrace'),
('3a7f8223-9f3e-4d06-8d86-62b59acb22e5', 2, 'Balcony'),
('67b4d6bc-5389-4899-8729-419db6c20c9d', 4, 'Main Hall'),
('b18c93a1-623b-4f57-bc7b-b79dcdd36511', 2, 'Window'),
('de43028e-553b-4e36-b9cc-339ad287c899', 6, 'Private Room'),
('e2b80a62-c22f-41f9-80f6-043f07ec4dbb', 2, 'Corner'),
('9e04170c-3e6c-4dd6-9ae5-e7b0b6a10968', 4, 'Main Hall'),
('21c185d3-8815-4a18-bbc1-0e7ce3ff473c', 2, 'Terrace'),
('c0d2c691-fb35-4c16-9949-1a8e957fd340', 4, 'Window'),
('f89ee46c-6aeb-4f92-b32a-d58edcf3c33d', 2, 'Balcony'),
('a21b9e3c-35bb-4f45-8195-589e1850cb67', 6, 'Private Room'),
('d4fa2a25-28c1-48d2-8c9e-29df4a0ddfab', 2, 'Garden'),
('0a5e7d7d-90b9-40c6-b5d9-56dff4a1b786', 4, 'Main Hall'),
('9ff9a64d-693f-4e8b-9e5f-72d7d6c17803', 2, 'Window'),
('cf9e1c2b-bb8d-464a-8824-6cd2e6aa31e2', 6, 'Private Room'),
('18db7eb7-fb8a-4209-b0ce-32e3a6d14a98', 4, 'Terrace'),
('d6a6cb67-fae2-4142-81a2-9f8dbb9a1778', 2, 'Corner'),
('ae67e19b-1ea5-4e34-a273-cf8f9a6ad8cb', 4, 'Window')
ON CONFLICT (table_id) DO NOTHING;;



insert into drink (drink_id, name, price, description, picture_link, alcoholic, volume, category)
values
('1b8c2e90-998e-4f9b-bc9e-1abf3f83a1e1', 'Château Margaux 2015', 220, 'Premier Grand Cru Classé from Bordeaux',
 'https://hrd-live.cdn.scayle.cloud/images/ded99ea5b7933dfb88ac3c6b200683af.jpg?quality=75', true, 0.75, 'wine'),
('2f7dd12c-3d0c-4dd1-8cb4-beb8f99227c4', 'Dom Pérignon Vintage 2012', 180, 'Iconic vintage champagne with rich complexity',
 'https://premiumbottles.dk/cdn/shop/files/Dom_Perignon_initialer_Blanc_LA_MB.jpg?v=1743100858', true, 0.75, 'sparkling'),
('3a16c7d9-0df3-4a35-8d35-e4e0cb172cf7', 'Evian Mineral Water', 6, 'Natural spring water from the French Alps',
 'https://beverageuniverse.com/media/catalog/product/cache/d6b24e0b635c0897113a74c0029895da/e/v/evian-ivoo-evanglas25-main.jpg', false, 0.5, 'water'),
('490ef43b-1a0e-4f70-bcc2-e8129d2f4c1b', 'San Pellegrino Sparkling', 7, 'Lightly carbonated mineral water',
 'https://www.sanpellegrino.com/us/sites/g/files/xknfdk2166/files/2022-11/sp-img-gallery-product-750-glass.jpg', false, 0.5, 'sparkling'),
('5d1c47a1-e31f-4f6b-9be4-7ad74a9c1c9d', 'Chardonnay Grand Reserve', 95, 'Creamy, oak-aged white wine from Burgundy',
 'https://ocave.ch/wp-content/uploads/2023/09/Champagne-Gallimard-Chardonnay-Grande-Reserve.jpg', true, 0.75, 'wine'),
('642c8d7e-d021-4e60-8f7b-ff48d1e94498', 'Organic Apple Juice', 8, 'Cold-pressed juice from organic apples',
 'https://online.citysuper.com.hk/cdn/shop/products/301480230-1-daylesford-organic-apple-juice-750ml_1024x1024.jpg?v=1661393429', false, 0.3, 'juice'),
('75aefa2b-9b64-45dc-9a33-57f0c65e7d9d', 'Sauvignon Blanc', 55, 'Crisp and refreshing white wine',
 'https://baythornewines.co.uk/cdn/shop/products/WeissburgunderMeran-2.jpg?v=1650463107', true, 0.75, 'wine'),
('8c7bff15-dfd1-4f31-96e4-e1189ef0bcb3', 'Japanese Umeshu Plum Wine', 60, 'Sweet-sour flavor with subtle fruit notes',
 'https://cdn11.bigcommerce.com/s-ji18vmeuwa/products/1132/images/1390/10243-1-Gekkeikan-Umeshu-Plum-Wine-Large%25253Fw%25253D1200%252526h%25253D1200%252526sm%25253Dc%252526fmt%25253Dauto__58051.1687531340.1280.1280.jpg?c=1', true, 0.5, 'wine'),
('98ed5a4e-d358-4764-9b08-c8e1c3cdd4ee', 'Barolo DOCG 2016', 135, 'Robust red wine from Piemonte',
 'https://s.tannico.it/media/catalog/product/cache/51/thumbnail/0dc2d03fe217f8c83829496872af24a0/p/r/prunotto-barolo_1_2.jpg', true, 0.75, 'wine'),
('a27ec8ab-f6fb-4f6d-a45e-d7dd3ae82387', 'Sparkling Elderflower Tonic', 10, 'Elegant non-alcoholic floral drink',
 'https://digitalcontent.api.tesco.com/v2/media/ghs/46295eca-27fe-4a61-b0fa-8e5a7dfc222d/f345fce5-6005-4f66-b4d2-08e98d08992f_857846522.jpeg?h=960&w=960', false, 0.25, 'soft'),
('b3c9cc6b-ff29-49fc-8267-cdd7cf1532f3', 'Single Malt Scotch – 18 Years', 150, 'Rich and smoky with notes of oak and vanilla',
 'https://drinks-and-style.ch/wp-content/uploads/2020/05/Highland-Park_18yo.jpg', true, 0.05, 'spirits'),
 ('e3cb8f75-2d3a-456c-8bc1-4cd9d4e74b91', 'Highland Single Malt – 21 Years', 175,
 'Elegant whisky with floral peat smoke and long sherry finish',
 'https://drinks-and-style.ch/wp-content/uploads/2024/06/HP_21Years_Release-2023_1200x1200.jpg',
 true, 0.7, 'spirits'),
('b8e45d17-6a98-4a43-83f2-529c1f1cbf9a', 'Rémy Martin Louis XIII Cognac', 450,
 'Legendary cognac aged in century-old oak barrels with notes of myrrh and honey',
 'https://static.cognac-expert.com/2303-thickbox_default/louis-xiii-by-remy-martin-cognac.webp',
 true, 0.7, 'spirits'),
 ('50936d58-f5d6-490e-96ed-3c50417b5609', 'Premium Calvados XO', 98,
 'Rich apple brandy from Normandy with nutty, warm spice notes',
 'https://www.calvados-boulard.com/wp-content/uploads/2020/09/auguste-xo-boulard-calvados-spiritueux-premium.png',
 true, 0.7, 'spirits'),
('c45f57c4-018f-4742-8c9d-9a4efc13ff54', 'Cold Brew Coffee', 9, 'Smooth and aromatic, served chilled',
 'https://content.jdmagicbox.com/v2/comp/mumbai/w7/022pxx22.xx22.240730160153.f4w7/catalogue/every-morning-cartel-mumbai-coffee-shops-3s65ky5cpd-250.jpg', FALSE, 0.3, 'coffee'),
('d69868b2-3e6d-48a3-93b2-4dc83f83b729', 'Grand Cru Riesling', 75, 'Floral aromas and crisp acidity from Alsace',
 'https://ndjohn.co.uk/cdn/shop/products/grand_cru_brand_gewuztraminer.jpg?v=1553172123', TRUE, 0.75, 'wine'),
('ec998d8f-6cf3-4c84-90be-f51232a50a60', 'Blood Orange Spritz', 12, 'Refreshing citrus-based aperitif',
 'https://boozehouse.com.au/cdn/shop/files/WhiskyAD_9.png?v=1739703124&width=1946', TRUE, 0.3, 'cocktail'),
('fd8cb022-0f70-4b47-a038-0e920d6dd3dc', 'Hibiscus Iced Tea', 7, 'House-brewed with floral notes and light sweetness',
 'https://www.buybluetea.com/cdn/shop/files/Hibiscus_Mint_Glass_1080x.jpg?v=1694171817', FALSE, 0.3, 'tea'),
('11f252ae-dbd9-45e0-a608-4c4d57aa7a9f', 'Evian Sparkling', 38, 'Naturally sparkling mineral water, served chilled in crystal glassware.',
 'https://beverageuniverse.com/media/catalog/product/cache/d6b24e0b635c0897113a74c0029895da/e/v/evian-ivoo-evanglas25-main.jpg',
 FALSE, 0.18, 'water'),
('859d5bff-df19-467b-b423-ccf9988257c1', 'Voss Still Water', 12, 'Ultra-pure Norwegian artesian water presented in elegant glass.',
 'https://m.media-amazon.com/images/I/51ZM40q04eL.jpg',
 FALSE, 0.56, 'water'),
('1606cab8-9329-4585-836d-256e2ff886ec', 'Fiji Natural Artesian Water', 33, 'Silky-soft island water with subtle earth tones and a gentle mouthfeel.',
 'https://www.csigrocery.com/wp-content/uploads/2024/06/untitled-design-1.jpg',
 FALSE, 0.2, 'water'),
('2d072bb9-bd87-4592-b356-ea8d0def0dea', 'Icelandic Glacial', 23, 'Exceptionally balanced glacial water, naturally alkaline and crisp.',
 'https://pwfinefoods.co.uk/wp-content/uploads/2023/10/Lifestyle_B17779007_Icelandic_Glacial_Water_Glass_750ml.jpg',
 FALSE, 0.26, 'water'),
('85611128-c790-4783-9bb2-3727f69b8259', 'Perrier Lime', 17, 'Classic French effervescence with a delicate twist of lime zest.',
 'https://www.perrier-jouet.com/sites/default/files/styles/video_preview_desktop/public/medias/video_previews/PJ_pierre-Gagnaire-mobile.png?h=4db40da7&itok=KZdE3vNU',
 FALSE, 0.44, 'sparkling'),
('1dc109eb-7299-46b4-a0ab-eaa8e1c66ae9', 'S.Pellegrino Citrus Blend', 21, 'Vibrant citrus infusion in iconic Italian sparkling water.',
 'https://www.sanpellegrino.com/us/sites/g/files/xknfdk2166/files/2021-09/spellegrino-essenza-pink-grapefruit-citrus-blend-can-front_0.jpg',
 FALSE, 0.36, 'sparkling'),
('8fd585a2-232f-4f65-a2b1-14a90722b89a', 'Badoit Rouge', 39, 'Rare French bubbles with a hint of minerality and a velvet finish.',
 'https://www.drinkdong.com/media/cache/resolve/default/c9/7e/3bb74f9f151eb4d8e066deca47ba.webp',
 FALSE, 0.14, 'sparkling'),
('d558b5dd-90bc-4598-8f62-06dc29953376', 'Vichy Catalan', 8, 'Boldly mineral sparkling water with Catalonian heritage.',
 'https://theburgermaker.com/wp-content/uploads/2021/11/VICHY-CATALAN.jpg',
 FALSE, 0.32, 'sparkling'),
('3bcb430f-2683-4602-8a83-85e03ae09a2d', 'Carrot Ginger Juice', 20, 'Fresh-pressed heirloom carrots with a zesty ginger kick.',
 'https://sinfulkitchen.com/wp-content/uploads/2022/12/Carrot-Ginger-Juice.jpg',
 FALSE, 0.55, 'juice'),
('b4f1c3f1-6b31-40cb-b1bb-c38d480d9eba', 'Beetroot Elixir', 25, 'Earthy beetroot blend with subtle notes of lime and turmeric.',
 'https://northerndrinkcart.ca/cdn/shop/files/BeyondBeetroot_Front.png?v=1682383767',
 FALSE, 0.28, 'juice'),
('c10f4098-0868-4d97-a418-00f44d22e260', 'Pear Vanilla Juice', 33, 'Juicy pear essence with a touch of Madagascar vanilla.',
 'https://www.blenderbabes.com/wp-content/uploads/Vanilla-Pear-and-Vodka-Cocktail.jpg.webp',
 FALSE, 0.71, 'juice'),
('bfada93a-9df7-49cb-b341-be626145dec1', 'Fresh Pineapple Juice', 9, 'Cold-pressed golden pineapple with notes of fresh mint.',
 'https://cookathomemom.com/wp-content/uploads/2022/12/Pineapple-Ginger-Juice.jpg',
 FALSE, 0.42, 'juice'),
('d1056763-6027-4592-bcaf-88d9542705ff', 'Espresso Ristretto', 25, 'Intensely aromatic ristretto brewed from single-origin beans.',
 'https://blogstudio.s3.theshoppad.net/coffeeheroau/10897ed60052f2aa1a495aa1c02a8ce6.jpg',
 FALSE, 0.6, 'coffee'),
('c8d67a50-57ae-4fed-b0b8-5f20454e5e2b', 'Macchiato', 31, 'Rich espresso gently kissed with velvety milk foam.',
 'https://assets.tmecosys.com/image/upload/t_web_rdp_recipe_584x480_1_5x/img/recipe/ras/Assets/314D11A6-4457-4C70-A1BE-A6C25F597C18/Derivates/B362DC69-6AAA-43E1-AF51-184463E8551B.jpg',
 FALSE, 0.11, 'coffee'),
('22a04c23-de93-4518-aa39-754888eb8892', 'Flat White', 24, 'Creamy and bold – balanced espresso with silky microfoam.',
 'https://prod-app.breville.com/original/recipe/1724048842/Flat+White-Leaf+Latte+1080x1440.jpg',
 FALSE, 0.58, 'coffee'),
('ea3fe863-6263-4677-858c-5d51e788e968', 'Affogato al Caffè', 20, 'A scoop of vanilla gelato drenched in robust espresso.',
 'https://static01.nyt.com/images/2021/08/15/magazine/affogato/affogato-master768-v2.jpg',
 FALSE, 0.21, 'coffee'),
('9aae3131-8867-47b1-a7be-83f39a248a85', 'White Jasmine Tea', 37, 'Delicate white tea with floral jasmine blossoms.',
 'https://s.yimg.com/ny/api/res/1.2/ZEcIiANett.fVQ3qJBiuKw--/YXBwaWQ9aGlnaGxhbmRlcjt3PTEyNDI7aD04Mjg-/https://media.zenfs.com/en/salon_articles_879/fb99e3801d62f769de68d86c40692b93',
 FALSE, 0.57, 'tea'),
('14e4261f-fb94-486c-80e3-36786f63baec', 'Matcha Green Tea', 9, 'Ceremonial-grade matcha with vibrant umami depth.',
 'https://www.thespruceeats.com/thmb/J00fuE5ozIo_QPEhbuKGUdn9Lh8=/1500x0/filters:no_upscale():max_bytes(150000):strip_icc()/MatchaTea-4842785-077-af32f78c306f462984837b57be2e3547.jpg',
 FALSE, 0.32, 'tea'),
('94ad3033-746c-44df-9ace-29ff9016463b', 'Darjeeling First Flush', 40, 'Aromas of muscatel and spring blossoms from India’s Himalayas.',
 'https://teacultureoftheworld.com/cdn/shop/files/DarjeelingFirstFlush-50g.jpg?v=1707471854',
 FALSE, 0.14, 'tea'),
('3753343d-47b1-4f4b-bbba-75f09036501b', 'Oolong Milk Tea', 12, 'Smooth and creamy semi-fermented oolong with natural sweetness.',
 'https://teafloor.com/blog/wp-content/uploads/2021/02/What-is-milk-oolong-tea.jpeg',
 FALSE, 0.3, 'tea'),
('edbbf1c1-5fd7-4bbe-9f02-fc1fa941a995', 'Cognac XO', 61, 'Deeply aged Cognac with hints of prune, oak, and vanilla.',
 'https://www.cognac-only.com/2179-large_default/cognac-xo-carafe-forgeron.jpg',
 TRUE, 0.14, 'spirit'),
('0074c380-80cf-48e6-ab91-9076e4188641', 'Añejo Tequila', 59, 'Barrel-aged agave with notes of caramel, spice, and smoke.',
 'https://www.schuewo.ch/shopimage/artikel/large/53805/0/tequila-patron-anejo.jpg',
 TRUE, 0.15, 'spirit'),
('24659fc2-a5e5-41b8-94d0-23b565ec9709', 'Japanese Whisky', 77, 'Elegantly blended whisky with balanced peat and floral undertones.',
 'https://cdn.istores.co.il/image/upload/if_ar_gt_2:1/c_mpad,h_662,w_555/c_fill,h_662,w_555/if_else/c_fill,q_100,w_555/if_end/dpr_2/clients/125267/2a254587c9f82479ceec0060378e7c34ba041108.jpg',
 TRUE, 0.19, 'spirit'),
('c10b81d0-4fd0-4f38-b5c8-42d2ccfbe059', 'Dark Spiced Rum', 116, 'Aged Caribbean rum with exotic spice and a velvety finish.',
 'https://www.booz3.com/tuotekuvat/800x800/No.1%20Old%20Caribbean%20Spiced%20Dark%2035%25%201%20l.jpg',
 TRUE, 0.34, 'spirit'),
('263cb1c5-d5ff-4f53-98c8-efdbea111cc1', 'Negroni', 12, 'Classic Italian aperitif of gin, vermouth, and Campari – elegantly bitter.',
 'https://www.foodandwine.com/thmb/9-SneJtoQVBEmmj7r1wXyFI8K5Y=/1500x0/filters:no_upscale():max_bytes(150000):strip_icc()/Spiced-Negroni-FT-MAG-RECIPE-1124-24f2b74e0c994410aa9684688a0e92ef.jpg',
 TRUE, 0.71, 'cocktail'),
('f11ffd5c-b7a7-41b2-9967-c31f17d71253', 'French 75', 25, 'Refined mix of gin, Champagne, and lemon – bright and refreshing.',
 'https://assets.epicurious.com/photos/6123d145663e652dbef9886e/1:1/w_4158,h_4158,c_limit/French75_RECIPE_082021_20487.jpg',
 TRUE, 0.17, 'cocktail'),
('724a6377-35c3-4b09-a358-ae78eb0ca027', 'Elderflower Gimlet', 31, 'Floral-forward gin cocktail with elderflower and lime essence.',
 'https://www.garnishwithlemon.com/wp-content/uploads/2019/12/ELDERFLOWER-GIN-GIMLET-FEATURED-IMAGE.jpg',
 TRUE, 0.25, 'cocktail'),
('3b0c903d-618c-440c-a62a-d1dc4277f810', 'Blackberry Bramble', 17, 'Lush blackberry purée with gin and citrus in a silken swirl.',
 'https://oursaltykitchen.com/wp-content/uploads/2020/05/bramble-cocktail-featured-image.jpg',
 TRUE, 0.45, 'cocktail') ON CONFLICT (drink_id) DO NOTHING;;


